year_key,year,tile,pca_score,n_boulders,n_boulders_all,n_deposits,is_negative,block_id,block_tier,split,xmin,ymin,xmax,ymax
24_04_46,24,4_46,-1464.848,0,0,0,1,0,negative,train,461128.935467,5880397.156815999,461190.335467,5880458.556816
24_05_46,24,5_46,-1449.893,0,0,0,1,0,negative,train,461128.935467,5880335.756816,461190.335467,5880397.156816
24_04_45,24,4_45,-1405.297,0,0,0,1,0,negative,train,461067.535467,5880397.156815999,461128.935467,5880458.556816
24_05_45,24,5_45,-1390.342,4,4,6,0,1,medium_low,train,461067.535467,5880335.756816,461128.935467,5880397.156816
24_06_45,24,6_45,-1375.388,0,0,0,1,1,medium_low,train,461067.535467,5880274.356815999,461128.935467,5880335.756816
24_04_44,24,4_44,-1345.746,0,0,0,1,1,medium_low,train,461006.135467,5880397.156815999,461067.53546700004,5880458.556816
25_03_38,25,3_38,-1339.583,13,22,11,0,2,high,train,461016.65806700004,5880316.099976,461083.618267,5880383.060176
24_05_44,24,5_44,-1330.791,3,3,12,0,2,high,train,461006.135467,5880335.756816,461067.53546700004,5880397.156816
25_04_38,25,4_38,-1323.274,0,0,0,1,2,high,train,461016.65806700004,5880249.139776001,461083.618267,5880316.099976
24_06_44,24,6_44,-1315.837,9,11,0,0,3,high,train,461006.135467,5880274.356815999,461067.53546700004,5880335.756816
25_03_37,25,3_37,-1274.639,7,18,5,0,3,high,train,460949.69786700007,5880316.099976,461016.65806700004,5880383.060176
24_05_43,24,5_43,-1271.241,0,3,3,1,3,high,train,460944.735467,5880335.756816,461006.135467,5880397.156816
25_04_37,25,4_37,-1258.330,5,13,3,0,4,high,train,460949.69786700007,5880249.139776001,461016.65806700004,5880316.099976
24_06_43,24,6_43,-1256.286,13,25,9,0,4,high,train,460944.735467,5880274.356815999,461006.135467,5880335.756816
24_07_43,24,7_43,-1241.331,0,0,0,1,4,high,train,460944.735467,5880212.956815999,461006.135467,5880274.356815999
24_05_42,24,5_42,-1211.690,0,0,0,1,5,high,train,460883.33546699997,5880335.756816,460944.735467,5880397.156816
25_03_36,25,3_36,-1209.696,0,2,5,1,5,high,train,460882.73766700004,5880316.099976,460949.697867,5880383.060176
24_06_42,24,6_42,-1196.735,11,27,3,0,5,high,train,460883.33546699997,5880274.356815999,460944.735467,5880335.756816
25_04_36,25,4_36,-1193.387,20,83,6,0,6,high,train,460882.73766700004,5880249.139776001,460949.697867,5880316.099976
24_07_42,24,7_42,-1181.780,1,1,0,0,6,high,train,460883.33546699997,5880212.956815999,460944.735467,5880274.356815999
25_03_35,25,3_35,-1144.752,0,0,1,1,6,high,train,460815.77746700007,5880316.099976,460882.73766700004,5880383.060176
24_06_41,24,6_41,-1137.184,5,13,4,0,7,high,train,460821.935467,5880274.356815999,460883.335467,5880335.756816
25_04_35,25,4_35,-1128.443,31,112,5,0,7,high,train,460815.77746700007,5880249.139776001,460882.73766700004,5880316.099976
24_07_41,24,7_41,-1122.229,16,18,3,0,7,high,train,460821.935467,5880212.956815999,460883.335467,5880274.356815999
25_05_35,25,5_35,-1112.134,1,1,0,0,8,medium_low,train,460815.77746700007,5880182.179576,460882.73766700004,5880249.139776
24_06_40,24,6_40,-1077.633,0,0,0,1,8,medium_low,train,460760.535467,5880274.356815999,460821.935467,5880335.756816
25_04_34,25,4_34,-1063.499,3,45,5,0,8,medium_low,train,460748.81726700003,5880249.139776001,460815.777467,5880316.099976
24_07_40,24,7_40,-1062.678,11,22,5,0,9,high,train,460760.535467,5880212.956815999,460821.935467,5880274.356815999
24_08_40,24,8_40,-1047.724,0,0,0,1,9,high,train,460760.535467,5880151.556816,460821.935467,5880212.956816
25_05_34,25,5_34,-1047.190,11,45,8,0,9,high,train,460748.81726700003,5880182.179576,460815.777467,5880249.139776
24_07_39,24,7_39,-1003.127,3,12,5,0,10,medium_low,train,460699.135467,5880212.956815999,460760.53546700004,5880274.356815999
25_04_33,25,4_33,-998.556,0,0,0,1,10,medium_low,train,460681.85706700006,5880249.139776001,460748.81726700003,5880316.099976
24_08_39,24,8_39,-988.173,0,0,0,1,10,medium_low,train,460699.135467,5880151.556816,460760.53546700004,5880212.956816
25_05_33,25,5_33,-982.247,5,40,8,0,11,high,train,460681.85706700006,5880182.179576,460748.81726700003,5880249.139776
24_07_38,24,7_38,-943.576,3,12,5,0,11,high,train,460637.735467,5880212.956815999,460699.135467,5880274.356815999
24_08_38,24,8_38,-928.622,8,14,6,0,11,high,train,460637.735467,5880151.556816,460699.135467,5880212.956816
25_05_32,25,5_32,-917.303,26,77,8,0,12,high,train,460614.89686700003,5880182.179576,460681.857067,5880249.139776
24_08_37,24,8_37,-869.071,26,32,5,0,12,high,train,460576.33546699997,5880151.556816,460637.735467,5880212.956816
25_05_31,25,5_31,-852.359,11,25,1,0,12,high,train,460547.93666700006,5880182.179576,460614.89686700003,5880249.139776
25_06_31,25,6_31,-836.050,13,14,0,0,13,high,train,460547.93666700006,5880115.219376001,460614.89686700003,5880182.179576
24_08_36,24,8_36,-809.520,16,22,3,0,13,high,train,460514.935467,5880151.556816,460576.335467,5880212.956816
24_09_36,24,9_36,-794.565,3,3,0,0,13,high,train,460514.935467,5880090.156815999,460576.335467,5880151.556816
25_05_30,25,5_30,-787.415,0,1,0,1,14,medium_low,train,460480.97646700003,5880182.179576,460547.936667,5880249.139776
25_06_30,25,6_30,-771.107,2,26,4,0,14,medium_low,train,460480.97646700003,5880115.219376001,460547.936667,5880182.179576
24_08_35,24,8_35,-749.969,1,1,1,0,14,medium_low,train,460453.535467,5880151.556816,460514.935467,5880212.956816
24_09_35,24,9_35,-735.014,4,4,0,0,15,medium_low,train,460453.535467,5880090.156815999,460514.935467,5880151.556816
25_06_29,25,6_29,-706.163,1,43,4,0,15,medium_low,train,460414.01626700006,5880115.219376001,460480.97646700003,5880182.179576
25_07_29,25,7_29,-689.854,0,0,0,1,15,medium_low,train,460414.01626700006,5880048.259176001,460480.97646700003,5880115.219376001
24_09_34,24,9_34,-675.463,2,6,7,0,16,high,train,460392.135467,5880090.156815999,460453.53546700004,5880151.556816
25_06_28,25,6_28,-641.219,3,42,5,0,16,high,train,460347.056067,5880115.219376001,460414.016267,5880182.179576
25_07_28,25,7_28,-624.910,3,6,3,0,16,high,train,460347.056067,5880048.259176001,460414.016267,5880115.219376001
24_09_33,24,9_33,-615.912,1,7,5,0,17,medium_low,train,460330.735467,5880090.156815999,460392.135467,5880151.556816
25_06_27,25,6_27,-576.275,2,8,2,0,17,medium_low,train,460280.09586700005,5880115.219376001,460347.056067,5880182.179576
25_07_27,25,7_27,-559.966,1,33,6,0,17,medium_low,train,460280.09586700005,5880048.259176001,460347.056067,5880115.219376001
24_09_32,24,9_32,-556.361,1,17,5,0,18,medium_low,train,460269.33546699997,5880090.156815999,460330.735467,5880151.556816
25_08_27,25,8_27,-543.657,0,0,0,1,18,medium_low,train,460280.09586700005,5879981.298976,460347.056067,5880048.259176
24_10_32,24,10_32,-541.407,0,1,0,1,18,medium_low,train,460269.33546699997,5880028.756816,460330.735467,5880090.156816
25_07_26,25,7_26,-495.023,1,19,3,0,19,medium_low,train,460213.135667,5880048.259176001,460280.095867,5880115.219376001
24_10_31,24,10_31,-481.856,1,5,1,0,19,medium_low,train,460207.935467,5880028.756816,460269.335467,5880090.156816
25_08_26,25,8_26,-478.714,0,0,0,1,19,medium_low,train,460213.135667,5879981.298976,460280.095867,5880048.259176
25_07_25,25,7_25,-430.079,0,11,4,1,20,medium_low,train,460146.17546700005,5880048.259176001,460213.135667,5880115.219376001
24_10_30,24,10_30,-422.305,0,3,2,1,20,medium_low,train,460146.535467,5880028.756816,460207.935467,5880090.156816
25_08_25,25,8_25,-413.770,1,9,2,0,20,medium_low,train,460146.17546700005,5879981.298976,460213.135667,5880048.259176
25_09_25,25,9_25,-397.461,0,0,0,1,21,medium_low,train,460146.17546700005,5879914.338776001,460213.135667,5879981.298976
25_07_24,25,7_24,-365.135,0,0,1,1,21,medium_low,train,460079.215267,5880048.259176001,460146.175467,5880115.219376001
24_10_29,24,10_29,-362.754,1,2,8,0,21,medium_low,train,460085.135467,5880028.756816,460146.53546700004,5880090.156816
25_08_24,25,8_24,-348.826,2,32,3,0,22,medium_low,train,460079.215267,5879981.298976,460146.175467,5880048.259176
24_11_29,24,11_29,-347.799,3,7,5,0,22,medium_low,train,460085.135467,5879967.356815999,460146.53546700004,5880028.756816
25_09_24,25,9_24,-332.517,0,0,0,1,22,medium_low,train,460079.215267,5879914.338776001,460146.175467,5879981.298976
24_10_28,24,10_28,-303.203,0,0,0,1,23,medium_low,train,460023.735467,5880028.756816,460085.135467,5880090.156816
24_11_28,24,11_28,-288.248,3,6,8,0,23,medium_low,train,460023.735467,5879967.356815999,460085.135467,5880028.756816
25_08_23,25,8_23,-283.883,1,27,4,0,23,medium_low,train,460012.25506700005,5879981.298976,460079.215267,5880048.259176
24_12_28,24,12_28,-273.293,0,0,0,1,24,high,train,460023.735467,5879905.956816,460085.135467,5879967.356816
25_09_23,25,9_23,-267.574,0,0,0,1,24,high,train,460012.25506700005,5879914.338776001,460079.215267,5879981.298976
24_11_27,24,11_27,-228.697,9,20,7,0,24,high,train,459962.33546699997,5879967.356815999,460023.735467,5880028.756816
25_08_22,25,8_22,-218.939,6,20,7,0,25,high,train,459945.294867,5879981.298976,460012.255067,5880048.259176
24_12_27,24,12_27,-213.742,0,0,0,1,25,high,train,459962.33546699997,5879905.956816,460023.735467,5879967.356816
25_09_22,25,9_22,-202.630,0,0,0,1,25,high,train,459945.294867,5879914.338776001,460012.255067,5879981.298976
24_11_26,24,11_26,-169.146,3,10,4,0,26,high,train,459900.935467,5879967.356815999,459962.335467,5880028.756816
24_12_26,24,12_26,-154.191,0,0,0,1,26,high,train,459900.935467,5879905.956816,459962.335467,5879967.356816
25_08_21,25,8_21,-153.995,3,13,4,0,26,high,train,459878.33466700005,5879981.298976,459945.294867,5880048.259176
25_09_21,25,9_21,-137.686,1,1,0,0,27,medium_low,train,459878.33466700005,5879914.338776001,459945.294867,5879981.298976
25_10_21,25,10_21,-121.377,0,0,0,1,27,medium_low,train,459878.33466700005,5879847.378576,459945.294867,5879914.338776
24_11_25,24,11_25,-109.595,2,10,8,0,27,medium_low,train,459839.535467,5879967.356815999,459900.935467,5880028.756816
24_12_25,24,12_25,-94.640,0,0,0,1,28,medium_low,train,459839.535467,5879905.956816,459900.935467,5879967.356816
25_08_20,25,8_20,-89.051,0,0,5,1,28,medium_low,train,459811.374467,5879981.298976,459878.334667,5880048.259176
25_09_20,25,9_20,-72.742,2,9,7,0,28,medium_low,train,459811.374467,5879914.338776001,459878.334667,5879981.298976
25_10_20,25,10_20,-56.434,0,0,0,1,29,medium_low,train,459811.374467,5879847.378576,459878.334667,5879914.338776
24_11_24,24,11_24,-50.044,0,1,3,1,29,medium_low,train,459778.135467,5879967.356815999,459839.53546700004,5880028.756816
24_12_24,24,12_24,-35.089,5,15,5,0,29,medium_low,train,459778.135467,5879905.956816,459839.53546700004,5879967.356816
25_09_19,25,9_19,-7.799,2,17,11,0,30,medium_low,train,459744.41426700004,5879914.338776001,459811.374467,5879981.298976
25_10_19,25,10_19,8.510,0,0,0,1,30,medium_low,train,459744.41426700004,5879847.378576,459811.374467,5879914.338776
24_12_23,24,12_23,24.462,2,9,8,0,30,medium_low,train,459716.735467,5879905.956816,459778.135467,5879967.356816
24_13_23,24,13_23,39.416,0,0,1,1,31,medium_low,train,459716.735467,5879844.556816,459778.135467,5879905.956816
25_09_18,25,9_18,57.145,0,3,3,1,31,medium_low,train,459677.454067,5879914.338776001,459744.414267,5879981.298976
25_10_18,25,10_18,73.454,2,17,14,0,31,medium_low,train,459677.454067,5879847.378576,459744.414267,5879914.338776
25_11_18,25,11_18,89.763,0,0,0,1,32,negative,train,459677.454067,5879780.418376001,459744.414267,5879847.378576
24_13_22,24,13_22,98.967,0,0,4,1,32,negative,train,459655.335467,5879844.556816,459716.73546700005,5879905.956816
24_14_22,24,14_22,113.922,0,0,0,1,32,negative,train,459655.335467,5879783.156815999,459716.73546700005,5879844.556816
25_10_17,25,10_17,138.398,4,35,7,0,33,high,train,459610.49386700004,5879847.378576,459677.454067,5879914.338776
25_11_17,25,11_17,154.707,1,13,2,0,33,high,train,459610.49386700004,5879780.418376001,459677.454067,5879847.378576
24_13_21,24,13_21,158.518,3,3,4,0,33,high,train,459593.935467,5879844.556816,459655.335467,5879905.956816
25_12_17,25,12_17,171.015,0,0,0,1,34,medium_low,train,459610.49386700004,5879713.458176001,459677.454067,5879780.418376001
24_14_21,24,14_21,173.473,4,7,5,0,34,medium_low,train,459593.935467,5879783.156815999,459655.335467,5879844.556816
25_10_16,25,10_16,203.341,0,0,1,1,34,medium_low,train,459543.533667,5879847.378576,459610.493867,5879914.338776
25_11_16,25,11_16,219.650,8,34,5,0,35,high,train,459543.533667,5879780.418376001,459610.493867,5879847.378576
24_14_20,24,14_20,233.024,5,22,10,0,35,high,train,459532.535467,5879783.156815999,459593.935467,5879844.556816
25_12_16,25,12_16,235.959,0,0,0,1,35,high,train,459543.533667,5879713.458176001,459610.493867,5879780.418376001
24_15_20,24,15_20,247.978,0,0,0,1,36,high,train,459532.535467,5879721.756816,459593.935467,5879783.156816
25_11_15,25,11_15,284.594,4,19,6,0,36,high,train,459476.57346700004,5879780.418376001,459543.533667,5879847.378576
24_14_19,24,14_19,292.575,4,7,7,0,36,high,train,459471.135467,5879783.156815999,459532.53546700004,5879844.556816
25_12_15,25,12_15,300.903,8,15,0,0,37,high,train,459476.57346700004,5879713.458176001,459543.533667,5879780.418376001
24_15_19,24,15_19,307.529,0,0,0,1,37,high,train,459471.135467,5879721.756816,459532.53546700004,5879783.156816
25_11_14,25,11_14,349.538,10,24,4,0,37,high,train,459409.613267,5879780.418376001,459476.573467,5879847.378576
24_14_18,24,14_18,352.126,6,10,3,0,38,high,train,459409.735467,5879783.156815999,459471.135467,5879844.556816
25_12_14,25,12_14,365.847,2,4,1,0,38,high,train,459409.613267,5879713.458176001,459476.573467,5879780.418376001
24_15_18,24,15_18,367.080,6,6,2,0,38,high,train,459409.735467,5879721.756816,459471.135467,5879783.156816
24_14_17,24,14_17,411.677,26,40,5,0,39,high,train,459348.335467,5879783.156815999,459409.73546700005,5879844.556816
25_11_13,25,11_13,414.481,30,59,5,0,39,high,train,459342.65306700004,5879780.418376001,459409.613267,5879847.378576
24_15_17,24,15_17,426.631,5,9,1,0,39,high,train,459348.335467,5879721.756816,459409.73546700005,5879783.156816
25_12_13,25,12_13,430.790,3,5,1,0,40,medium_low,train,459342.65306700004,5879713.458176001,459409.613267,5879780.418376001
24_16_17,24,16_17,441.586,0,0,0,1,40,medium_low,train,459348.335467,5879660.356815999,459409.73546700005,5879721.756816
25_13_13,25,13_13,447.099,0,0,0,1,40,medium_low,train,459342.65306700004,5879646.497976,459409.613267,5879713.458176
24_14_16,24,14_16,471.228,12,36,1,0,41,high,train,459286.935467,5879783.156815999,459348.335467,5879844.556816
25_11_12,25,11_12,479.425,5,18,8,0,41,high,train,459275.692867,5879780.418376001,459342.653067,5879847.378576
24_15_16,24,15_16,486.182,5,7,0,0,41,high,train,459286.935467,5879721.756816,459348.335467,5879783.156816
25_12_12,25,12_12,495.734,4,10,0,0,42,medium_low,train,459275.692867,5879713.458176001,459342.653067,5879780.418376001
24_16_16,24,16_16,501.137,0,0,0,1,42,medium_low,train,459286.935467,5879660.356815999,459348.335467,5879721.756816
25_13_12,25,13_12,512.043,0,0,0,1,42,medium_low,train,459275.692867,5879646.497976,459342.653067,5879713.458176
24_14_15,24,14_15,530.779,1,10,5,0,43,medium_low,excluded,459225.535467,5879783.156815999,459286.935467,5879844.556816
25_11_11,25,11_11,544.369,2,13,9,0,43,medium_low,excluded,459208.73266700003,5879780.418376001,459275.692867,5879847.378576
24_15_15,24,15_15,545.733,2,5,0,0,43,medium_low,excluded,459225.535467,5879721.756816,459286.935467,5879783.156816
25_12_11,25,12_11,560.678,2,2,0,0,44,medium_low,excluded,459208.73266700003,5879713.458176001,459275.692867,5879780.418376001
24_16_15,24,16_15,560.688,3,9,0,0,44,medium_low,excluded,459225.535467,5879660.356815999,459286.935467,5879721.756816
25_13_11,25,13_11,576.987,0,0,0,1,44,medium_low,excluded,459208.73266700003,5879646.497976,459275.692867,5879713.458176
24_14_14,24,14_14,590.330,3,26,4,0,45,high,test,459164.135467,5879783.156815999,459225.53546700004,5879844.556816
24_15_14,24,15_14,605.284,0,1,0,1,45,high,test,459164.135467,5879721.756816,459225.53546700004,5879783.156816
25_11_10,25,11_10,609.313,10,21,3,0,45,high,test,459141.772467,5879780.418376001,459208.732667,5879847.378576
24_16_14,24,16_14,620.239,1,1,0,0,46,medium_low,test,459164.135467,5879660.356815999,459225.53546700004,5879721.756816
25_12_10,25,12_10,625.622,0,0,0,1,46,medium_low,test,459141.772467,5879713.458176001,459208.732667,5879780.418376001
24_13_13,24,13_13,634.926,0,0,1,1,46,medium_low,test,459102.735467,5879844.556816,459164.135467,5879905.956816
25_13_10,25,13_10,641.930,0,0,0,1,47,high,test,459141.772467,5879646.497976,459208.732667,5879713.458176
24_14_13,24,14_13,649.881,15,60,2,0,47,high,test,459102.735467,5879783.156815999,459164.135467,5879844.556816
25_10_09,25,10_9,657.947,1,5,6,0,47,high,test,459074.81226700003,5879847.378576,459141.772467,5879914.338776
24_15_13,24,15_13,664.835,0,1,0,1,48,high,test,459102.735467,5879721.756816,459164.135467,5879783.156816
25_11_09,25,11_9,674.256,7,19,6,0,48,high,test,459074.81226700003,5879780.418376001,459141.772467,5879847.378576
24_16_13,24,16_13,679.790,0,0,0,1,48,high,test,459102.735467,5879660.356815999,459164.135467,5879721.756816
25_12_09,25,12_9,690.565,0,0,0,1,49,medium_low,test,459074.81226700003,5879713.458176001,459141.772467,5879780.418376001
24_13_12,24,13_12,694.477,4,19,2,0,49,medium_low,test,459041.335467,5879844.556816,459102.73546700005,5879905.956816
25_13_09,25,13_9,706.874,0,0,0,1,49,medium_low,test,459074.81226700003,5879646.497976,459141.772467,5879713.458176
24_14_12,24,14_12,709.432,10,55,3,0,50,high,test,459041.335467,5879783.156815999,459102.73546700005,5879844.556816
25_10_08,25,10_8,722.891,6,18,12,0,50,high,test,459007.852067,5879847.378576,459074.812267,5879914.338776
24_15_12,24,15_12,724.386,0,0,0,1,50,high,test,459041.335467,5879721.756816,459102.73546700005,5879783.156816
25_11_08,25,11_8,739.200,9,22,7,0,51,high,test,459007.852067,5879780.418376001,459074.812267,5879847.378576
24_16_12,24,16_12,739.341,0,0,0,1,51,high,test,459041.335467,5879660.356815999,459102.73546700005,5879721.756816
24_13_11,24,13_11,754.028,3,21,1,0,51,high,test,458979.935467,5879844.556816,459041.335467,5879905.956816
25_12_08,25,12_8,755.509,0,0,0,1,52,medium_low,test,459007.852067,5879713.458176001,459074.812267,5879780.418376001
24_14_11,24,14_11,768.982,1,7,4,0,52,medium_low,test,458979.935467,5879783.156815999,459041.335467,5879844.556816
25_13_08,25,13_8,771.818,0,0,0,1,52,medium_low,test,459007.852067,5879646.497976,459074.812267,5879713.458176
24_15_11,24,15_11,783.937,0,0,0,1,53,high,test,458979.935467,5879721.756816,459041.335467,5879783.156816
25_10_07,25,10_7,787.835,6,12,6,0,53,high,test,458940.891867,5879847.378576,459007.852067,5879914.338776
24_16_11,24,16_11,798.892,0,0,0,1,53,high,test,458979.935467,5879660.356815999,459041.335467,5879721.756816
25_11_07,25,11_7,804.144,2,7,1,0,54,high,test,458940.891867,5879780.418376001,459007.852067,5879847.378576
24_13_10,24,13_10,813.579,4,24,1,0,54,high,test,458918.535467,5879844.556816,458979.935467,5879905.956816
25_12_07,25,12_7,820.453,0,0,0,1,54,high,test,458940.891867,5879713.458176001,459007.852067,5879780.418376001
24_14_10,24,14_10,828.533,0,4,0,1,55,negative,valid,458918.535467,5879783.156815999,458979.935467,5879844.556816
25_13_07,25,13_7,836.762,0,0,0,1,55,negative,valid,458940.891867,5879646.497976,459007.852067,5879713.458176
24_15_10,24,15_10,843.488,0,0,0,1,55,negative,valid,458918.535467,5879721.756816,458979.935467,5879783.156816
25_10_06,25,10_6,852.779,7,13,9,0,56,high,valid,458873.931667,5879847.378576,458940.89186699997,5879914.338776
24_12_09,24,12_9,858.175,1,2,3,0,56,high,valid,458857.135467,5879905.956816,458918.53546700004,5879967.356816
24_16_10,24,16_10,858.443,0,0,0,1,56,high,valid,458918.535467,5879660.356815999,458979.935467,5879721.756816
25_11_06,25,11_6,869.088,0,0,0,1,57,high,valid,458873.931667,5879780.418376001,458940.89186699997,5879847.378576
24_13_09,24,13_9,873.130,10,26,1,0,57,high,valid,458857.135467,5879844.556816,458918.53546700004,5879905.956816
25_12_06,25,12_6,885.396,0,0,0,1,57,high,valid,458873.931667,5879713.458176001,458940.89186699997,5879780.418376001
24_14_09,24,14_9,888.084,0,0,0,1,58,negative,valid,458857.135467,5879783.156815999,458918.53546700004,5879844.556816
25_13_06,25,13_6,901.705,0,0,0,1,58,negative,valid,458873.931667,5879646.497976,458940.89186699997,5879713.458176
24_15_09,24,15_9,903.039,0,0,0,1,58,negative,valid,458857.135467,5879721.756816,458918.53546700004,5879783.156816
25_10_05,25,10_5,917.722,17,24,10,0,59,high,valid,458806.971467,5879847.378576,458873.931667,5879914.338776
24_12_08,24,12_8,917.726,15,33,2,0,59,high,valid,458795.735467,5879905.956816,458857.135467,5879967.356816
24_16_09,24,16_9,917.994,0,0,0,1,59,high,valid,458857.135467,5879660.356815999,458918.53546700004,5879721.756816
24_13_08,24,13_8,932.681,10,25,1,0,60,high,valid,458795.735467,5879844.556816,458857.135467,5879905.956816
25_11_05,25,11_5,934.031,0,0,0,1,60,high,valid,458806.971467,5879780.418376001,458873.931667,5879847.378576
24_10_07,24,10_7,947.368,0,1,0,1,60,high,valid,458734.335467,5880028.756816,458795.73546700005,5880090.156816
24_14_08,24,14_8,947.635,0,0,0,1,61,medium_low,valid,458795.735467,5879783.156815999,458857.135467,5879844.556816
25_12_05,25,12_5,950.340,0,0,0,1,61,medium_low,valid,458806.971467,5879713.458176001,458873.931667,5879780.418376001
24_11_07,24,11_7,962.322,5,19,2,0,61,medium_low,valid,458734.335467,5879967.356815999,458795.73546700005,5880028.756816
24_15_08,24,15_8,962.590,0,0,0,1,62,high,valid,458795.735467,5879721.756816,458857.135467,5879783.156816
25_13_05,25,13_5,966.649,0,0,0,1,62,high,valid,458806.971467,5879646.497976,458873.931667,5879713.458176
24_12_07,24,12_7,977.277,30,70,2,0,62,high,valid,458734.335467,5879905.956816,458795.73546700005,5879967.356816
24_16_08,24,16_8,977.545,0,0,0,1,63,medium_low,excluded,458795.735467,5879660.356815999,458857.135467,5879721.756816
24_13_07,24,13_7,992.232,0,0,0,1,63,medium_low,excluded,458734.335467,5879844.556816,458795.73546700005,5879905.956816
24_10_06,24,10_6,1006.919,5,5,0,0,63,medium_low,excluded,458672.935467,5880028.756816,458734.335467,5880090.156816
24_14_07,24,14_7,1007.186,0,0,0,1,64,high,excluded,458734.335467,5879783.156815999,458795.73546700005,5879844.556816
24_11_06,24,11_6,1021.873,21,36,3,0,64,high,excluded,458672.935467,5879967.356815999,458734.335467,5880028.756816
24_15_07,24,15_7,1022.141,0,0,0,1,64,high,excluded,458734.335467,5879721.756816,458795.73546700005,5879783.156816
24_16_07,24,16_7,1037.096,0,0,0,1,65,negative,excluded,458734.335467,5879660.356815999,458795.73546700005,5879721.756816
24_10_05,24,10_5,1066.470,0,0,0,1,65,negative,train,458611.535467,5880028.756816,458672.935467,5880090.156816
24_11_05,24,11_5,1081.424,0,0,0,1,65,negative,train,458611.535467,5879967.356815999,458672.935467,5880028.756816
